省份编码,省份,年份,所属区域,推荐建模样本标记,基准因变量,稳健性因变量_住院率,稳健性因变量_两周就诊率,PM2.5,PM10,SO2,NO2,O3,CO,ln_常住人口,ln_人均GDP,常住人口_万人,人均GDP_元,地区生产总值_亿元,城镇化率,第二产业占比,医疗卫生机构数_个,医院数_个,城镇人口_万人,第二产业增加值_亿元,污染覆盖月份数,污染数据是否完整年
1,上海,2018,东部,1,18.7,14.8,46.0,36.25,51.08333333333334,10.08333333333333,42.25,151.75,1.016666666666667,7.813995675002791,11.935591283960727,2475,152602.4242424243,37769.1,0.8913131313131313,0.2743194833872133,5293,358.0,2206,10360.8,12,是
2,云南,2018,西部,1,35.4,25.6,71.7,30.08333333333333,55.25,13.16666666666667,34.33333333333334,110.5,1.083333333333333,8.455955881945048,10.726814912804173,4703,45561.34382309164,21427.5,0.4743780565596428,0.3391669583479174,24954,1280.0,2231,7267.5,12,是
3,内蒙古,2018,西部,1,35.4,25.6,71.7,36.83333333333334,89.41666666666667,19.91666666666667,41.25,121.0,21.025,7.792348924113037,11.114018081237123,2422,67105.28488852188,16252.9,0.6552436003303055,0.3898012047080828,24610,818.0,1587,6335.4,12,是
4,北京,2018,东部,1,18.7,14.8,46.0,50.83333333333334,78.08333333333333,6.0,42.08333333333334,148.1666666666667,1.591666666666667,7.692569648067906,11.985474892889647,2192,160407.8467153285,35161.4,0.8708941605839416,0.1557787801395849,10058,648.0,1909,5477.4,12,是
5,吉林,2018,中部,1,21.6,15.7,38.7,33.41666666666666,62.91666666666666,16.0,35.41666666666666,110.5833333333333,1.208333333333333,7.81762544305337,10.73735889529897,2484,46044.28341384863,11437.4,0.6086956521739131,0.3542326053123962,22691,780.0,1512,4051.5,12,是
6,四川,2018,西部,1,35.4,25.6,71.7,51.41666666666666,81.75,9.5,48.0,139.4166666666667,1.225,9.02653771890043,10.865215020214226,8321,52324.23987501502,43539.0,0.535031847133758,0.3687934954868049,81537,2344.0,4452,16056.9,12,是
7,天津,2018,东部,1,18.7,14.8,46.0,52.08333333333334,82.91666666666667,12.08333333333333,46.83333333333334,155.1666666666667,1.683333333333333,7.232010331664759,11.48216804156007,1383,96971.0773680405,13411.1,0.8394793926247288,0.3605446234835323,5686,420.0,1161,4835.3,12,是
8,宁夏,2018,西部,1,35.4,25.6,71.7,39.25,89.66666666666667,27.08333333333333,36.66666666666666,134.25,1.575,6.565264970035361,10.828361065057994,710,50430.98591549296,3580.6,0.6211267605633802,0.4156007373065966,4450,231.0,441,1488.1,12,是
9,安徽,2018,中部,1,21.6,15.7,38.7,48.25,72.66666666666667,7.083333333333333,42.75,142.0,1.191666666666667,8.712101863715663,10.943390250081988,6076,56578.83475971033,34377.3,0.5564516129032258,0.4099914769339069,24925,1140.0,3381,14094.4,12,是
10,山东,2018,东部,1,18.7,14.8,46.0,52.83333333333334,111.0833333333333,17.66666666666667,47.16666666666666,164.3333333333333,1.425,9.218010878280403,11.117596369307204,10077,67345.83705467897,67864.4,0.6145678277265059,0.4055690465103943,81470,2580.0,6193,27523.7,12,是
11,山西,2018,中部,1,21.6,15.7,38.7,59.58333333333334,135.5833333333333,29.41666666666667,51.41666666666666,147.4166666666667,1.591666666666667,8.161089512845797,10.73911811982545,3502,46125.35693889206,16153.1,0.5985151342090235,0.4379654679287567,42079,1368.0,2096,7074.5,12,是
12,广东,2018,东部,1,18.7,14.8,46.0,35.41666666666666,54.08333333333334,10.0,49.66666666666666,159.5,1.058333333333333,9.42124938562205,11.320601671214103,12348,82503.96825396825,101875.9,0.7180919987042436,0.406362054224797,51451,1553.0,8867,41398.5,12,是
13,广西,2018,西部,1,35.4,25.6,71.7,34.16666666666666,57.5,10.66666666666667,35.5,116.9166666666667,1.216666666666667,8.506536611227709,10.60487339246864,4947,40330.90762078027,19951.7,0.5182939155043461,0.3354551241247613,33742,624.0,2564,6692.9,12,是
14,新疆,2018,西部,1,35.4,25.6,71.7,54.91666666666666,99.16666666666669,10.91666666666667,45.08333333333334,103.8333333333333,1.716666666666667,7.832014180505469,10.859464395964434,2520,52024.20634920635,13110.1,0.540079365079365,0.3552375649308548,18450,907.0,1361,4657.2,12,是
15,江苏,2018,东部,1,18.7,14.8,46.0,44.41666666666666,76.08333333333333,10.41666666666667,43.66666666666666,149.4166666666667,1.2,9.041448235493888,11.614141362824002,8446,110651.5510300734,93456.3,0.7119346436182808,0.4507925094402411,33254,1853.0,6013,42129.4,12,是
16,江西,2018,中部,1,21.6,15.7,38.7,30.5,64.33333333333333,10.91666666666667,35.83333333333334,129.9166666666667,1.408333333333333,8.414717399827001,10.839606979848588,4513,51001.329492577,23016.9,0.5734544648792378,0.4379912151506067,36545,716.0,2588,10081.2,12,是
17,河北,2018,东部,1,18.7,14.8,46.0,72.83333333333333,132.4166666666667,22.5,49.58333333333334,153.0833333333333,1.958333333333333,8.912742634737025,10.700253225983806,7426,44367.08860759494,32947.0,0.5732561271209264,0.391662366831578,85088,2108.0,4257,12904.1,12,是
18,河南,2018,中部,1,21.6,15.7,38.7,63.91666666666666,106.9166666666667,15.33333333333333,50.33333333333334,151.5833333333333,1.641666666666667,9.19664704484418,10.83892670542522,9864,50966.64639091647,50273.5,0.522404703974047,0.4266024844102758,71351,1825.0,5153,21446.8,12,是
19,浙江,2018,东部,1,18.7,14.8,46.0,40.08333333333334,68.25,9.666666666666666,43.16666666666666,150.0,1.191666666666667,8.744009988096744,11.456892251258779,6273,94550.77315479037,59311.7,0.7001434720229556,0.4266965876884324,32754,1288.0,4392,25308.1,12,是
20,海南,2018,东部,1,18.7,14.8,46.0,18.5,34.83333333333334,5.166666666666667,13.41666666666667,111.0,0.7583333333333333,6.889591308354466,10.838781902435398,982,50959.26680244399,5004.2,0.5916496945010183,0.2104432276887414,5325,218.0,581,1053.1,12,是
21,湖北,2018,中部,1,21.6,15.7,38.7,48.58333333333334,73.5,8.916666666666666,46.91666666666666,139.6666666666667,1.408333333333333,8.685584842676693,11.180260404836297,5917,71701.03092783505,42425.5,0.6099374683116444,0.4142296496211005,36486,995.0,3609,17573.9,12,是
22,湖南,2018,中部,1,21.6,15.7,38.7,47.66666666666666,63.0,10.08333333333333,34.5,140.8333333333333,1.125,8.800113946766308,10.918830170781026,6635,55206.17935192163,36629.3,0.560964581763376,0.3795895635461229,56239,1552.0,3722,13904.1,12,是
23,甘肃,2018,西部,1,35.4,25.6,71.7,47.83333333333334,105.75,21.33333333333333,55.16666666666666,142.75,1.841666666666667,7.83002808253384,10.412088038502278,2515,33259.24453280318,8364.7,0.4970178926441352,0.3301493179671715,27897,626.0,1250,2761.6,12,是
24,福建,2018,东部,1,18.7,14.8,46.0,24.75,47.66666666666666,7.0,26.08333333333333,134.0833333333333,0.8583333333333334,8.319717386850606,11.467177452387459,4104,95528.26510721247,39204.8,0.6698343079922028,0.4807523568542627,27590,641.0,2749,18847.8,12,是
25,西藏,2018,西部,1,35.4,25.6,71.7,20.0,55.33333333333334,7.0,21.08333333333333,120.5833333333333,0.6916666666666668,5.869296913133774,10.708436324821102,354,44731.6384180791,1583.5,0.3389830508474576,0.3679823176507736,6844,158.0,120,582.7,12,是
26,贵州,2018,西部,1,35.4,25.6,71.7,32.5,57.25,10.75,24.75,108.25,0.8416666666666667,8.248529124800218,10.635042512760679,3822,41566.19570905285,15886.6,0.4952904238618525,0.3465939848677502,28066,1309.0,1893,5506.2,12,是
27,辽宁,2018,东部,1,18.7,14.8,46.0,41.08333333333334,73.41666666666667,26.41666666666667,39.33333333333334,134.0833333333333,1.616666666666666,8.364275084991524,10.936592415604114,4291,56195.52551852715,24113.5,0.7026334187835004,0.3752669666369461,36029,1369.0,3015,9049.0,12,是
28,重庆,2018,西部,1,35.4,25.6,71.7,39.58333333333334,64.25,9.333333333333334,44.08333333333334,122.9166666666667,1.183333333333333,8.059276223305648,11.14378893247699,3163,69133.10148593108,21866.8,0.6661397407524502,0.4043664367900196,20524,800.0,2107,8842.2,12,是
29,陕西,2018,西部,1,35.4,25.6,71.7,61.83333333333334,112.25,14.75,55.58333333333334,134.4166666666667,1.725,8.27664912542186,11.034175480895101,3931,61955.73645382854,24354.8,0.5965403205291274,0.4604964935043605,35300,1175.0,2345,11215.3,12,是
30,青海,2018,西部,1,35.4,25.6,71.7,46.08333333333334,92.41666666666669,19.75,38.91666666666666,115.9166666666667,2.183333333333333,6.375024819828097,10.772654533387897,587,47698.4667802385,2799.9,0.5724020442930153,0.3906210936104861,6396,220.0,336,1093.7,12,是
31,黑龙江,2018,中部,1,21.6,15.7,38.7,39.5,65.08333333333333,20.25,37.16666666666666,110.1666666666667,1.15,8.109826276018477,10.588917929507346,3327,39692.51577998196,13205.7,0.6345055605650737,0.2677631628766366,20349,1105.0,2111,3536.0,12,是
1,上海,2019,东部,1,17.8,14.0,44.3,34.75,45.33333333333334,6.833333333333333,41.58333333333334,133.4166666666667,0.9666666666666668,7.816416983691801,11.996570013686922,2481,162197.5010076582,40241.2,0.8923821039903265,0.2563815194377901,5597,374.0,2214,10317.1,12,是
2,云南,2019,西部,1,33.7,25.5,69.5,26.16666666666667,45.08333333333334,11.41666666666667,31.08333333333333,114.75,0.8916666666666666,8.458292083496076,10.833769888648495,4714,50704.49724225711,23902.1,0.4866355536699194,0.3410620824111689,25587,1376.0,2294,8152.1,12,是
3,内蒙古,2019,西部,1,33.7,25.5,69.5,36.41666666666666,71.16666666666667,14.41666666666667,39.08333333333334,116.75,26.58333333333333,7.789454566086673,11.18966412956713,2415,72378.46790890269,17479.4,0.6645962732919255,0.3875419064727622,24564,794.0,1605,6774.0,12,是
4,北京,2019,东部,1,17.8,14.0,44.3,41.91666666666666,67.66666666666667,4.333333333333333,36.66666666666666,138.3333333333333,1.216666666666667,7.691656822810547,12.057874533600005,2190,172452.0547945205,37767.0,0.8735159817351598,0.1539147933380994,10336,664.0,1913,5812.9,12,是
5,吉林,2019,中部,1,20.8,15.6,37.1,38.08333333333334,64.83333333333333,11.08333333333333,33.83333333333334,108.5833333333333,1.133333333333333,7.803026643632217,10.795750075238077,2448,48812.90849673202,11949.4,0.616421568627451,0.3483020067953203,22198,797.0,1509,4162.0,12,是
6,四川,2019,西部,1,33.7,25.5,69.5,42.66666666666666,68.0,6.583333333333333,41.91666666666666,125.75,1.066666666666667,9.03013657115323,10.941687496779524,8351,56482.57693689378,47168.6,0.5535863968387019,0.3647066056656335,83756,2417.0,4623,17202.7,12,是
7,天津,2019,东部,1,17.8,14.0,44.3,51.16666666666666,76.41666666666667,10.83333333333333,42.16666666666666,148.0,1.575,7.233455418621439,11.530616428440792,1385,101784.8375451264,14097.2,0.8433212996389892,0.3558791816814686,5962,441.0,1168,5016.9,12,是
8,宁夏,2019,西部,1,33.7,25.5,69.5,31.41666666666667,68.41666666666667,14.91666666666667,36.66666666666666,120.4166666666667,1.358333333333333,6.57507584059962,10.888882725684253,717,53577.40585774059,3841.5,0.6359832635983264,0.4133801900299362,4397,219.0,456,1588.0,12,是
9,安徽,2019,中部,1,20.8,15.6,37.1,43.58333333333334,67.58333333333333,6.166666666666667,41.58333333333334,140.0,1.05,8.714731714015052,11.029963650286758,6092,61695.33814839133,37584.8,0.5702560735390676,0.396327770800962,26435,1241.0,3474,14895.9,12,是
10,山东,2019,东部,1,17.8,14.0,44.3,55.33333333333334,106.1666666666667,15.0,44.58333333333334,150.25,1.358333333333333,9.220884585851854,11.174214627182208,10106,71268.85018800713,72024.3,0.6186423906590145,0.3952124491317514,83616,2615.0,6252,28464.9,12,是
11,山西,2019,中部,1,20.8,15.6,37.1,55.75,107.4166666666667,21.91666666666667,49.91666666666666,137.9166666666667,1.491666666666666,8.159660737063376,10.809777051489537,3497,49502.43065484701,17311.0,0.6128109808407206,0.4276413840910404,42162,1405.0,2143,7402.9,12,是
12,广东,2019,东部,1,17.8,14.0,44.3,30.0,52.66666666666666,6.833333333333333,44.83333333333334,153.0,1.075,9.432603535863086,11.390218906591898,12489,88452.31803987508,110468.1,0.7264793017855713,0.3940377357807366,53900,1631.0,9073,43528.6,12,是
13,广西,2019,西部,1,33.7,25.5,69.5,30.33333333333333,52.75,9.083333333333334,29.33333333333333,111.1666666666667,1.083333333333333,8.513586695822125,10.665162489073746,4982,42837.21397029306,21341.5,0.5297069450020072,0.3219220767050114,33679,678.0,2639,6870.3,12,是
14,新疆,2019,西部,1,33.7,25.5,69.5,50.0,83.83333333333333,8.5,42.0,92.91666666666669,6.025,7.847371836159788,10.911558136057094,2559,54806.17428683079,14024.9,0.5552950371238765,0.3440238433072607,18376,917.0,1421,4824.9,12,是
15,江苏,2019,东部,1,17.8,14.0,44.3,39.75,69.16666666666667,9.833333333333334,41.75,147.4166666666667,1.141666666666667,9.0441677169216,11.6774657884963,8469,117885.1104026449,99836.9,0.7246428149722517,0.4435374095149189,34796,1941.0,6137,44281.4,12,是
16,江西,2019,中部,1,20.8,15.6,37.1,35.5,69.33333333333333,8.583333333333334,33.5,130.75,1.075,8.415381925269553,10.910488157485794,4516,54747.56421612046,24724.0,0.5907883082373782,0.420049344766219,37029,807.0,2668,10385.3,12,是
17,河北,2019,东部,1,17.8,14.0,44.3,63.58333333333334,119.6666666666667,16.41666666666667,46.0,145.3333333333333,1.783333333333333,8.915566545710645,10.77553463768688,7447,47836.04135893648,35623.5,0.5877534577682288,0.3817957247322694,84651,2120.0,4377,13600.9,12,是
18,河南,2019,中部,1,20.8,15.6,37.1,57.66666666666666,99.75,9.333333333333334,44.75,150.0,1.341666666666667,9.200391041122515,10.901849187259119,9901,54276.63872336128,53739.3,0.5401474598525402,0.4128356714732049,70734,1974.0,5348,22185.5,12,是
19,浙江,2019,东部,1,17.8,14.0,44.3,37.91666666666666,66.41666666666667,6.75,41.25,147.75,1.016666666666667,8.760139370026627,11.5266659251091,6375,101383.5294117647,64632.0,0.715764705882353,0.412230783512811,34119,1372.0,4563,26643.3,12,是
20,海南,2019,东部,1,17.8,14.0,44.3,16.91666666666667,31.75,5.0,12.83333333333333,113.0833333333333,0.7916666666666666,6.902742737158593,10.909517929589159,995,54694.47236180904,5442.1,0.5939698492462312,0.2013193436357288,5417,246.0,591,1095.6,12,是
21,湖北,2019,中部,1,20.8,15.6,37.1,45.25,70.75,8.833333333333334,44.16666666666666,142.0,1.341666666666667,8.687273461787838,11.249786478347023,5927,76863.5059895394,45557.0,0.6183566728530454,0.4038259762495335,35515,1035.0,3665,18397.1,12,是
22,湖南,2019,中部,1,20.8,15.6,37.1,47.08333333333334,57.41666666666666,7.083333333333333,33.08333333333334,140.5,1.108333333333333,8.80086724247048,11.004373860087997,6640,60136.59638554217,39930.7,0.5745481927710844,0.3750197216677895,57230,1616.0,3815,14974.8,12,是
23,甘肃,2019,西部,1,33.7,25.5,69.5,35.58333333333334,79.33333333333333,17.66666666666667,49.58333333333334,123.3333333333333,1.525,7.827639546366422,10.49358543672238,2509,36083.30011956955,9053.3,0.5069748903945795,0.3218936741298753,26697,719.0,1272,2914.2,12,是
24,福建,2019,东部,1,17.8,14.0,44.3,23.75,42.16666666666666,4.666666666666667,22.08333333333333,126.0,0.8583333333333334,8.327726166461412,11.539381674765478,4137,102680.928208847,42479.1,0.6787527193618564,0.4608995953304095,27788,677.0,2808,19578.6,12,是
25,西藏,2019,西部,1,33.7,25.5,69.5,12.08333333333333,31.41666666666667,6.25,18.58333333333333,112.0,0.625,5.8888779583328805,10.789004894440092,361,48484.76454293629,1750.3,0.3462603878116344,0.3649660058275724,6940,156.0,125,638.8,12,是
26,贵州,2019,西部,1,33.7,25.5,69.5,26.66666666666667,47.0,9.666666666666666,21.16666666666667,108.0833333333333,0.7999999999999999,8.255308811785596,10.710703325032323,3848,44833.16008316008,17251.8,0.5148128898128899,0.3383183204071459,28511,1340.0,1981,5836.6,12,是
27,辽宁,2019,东部,1,17.8,14.0,44.3,42.66666666666666,77.25,21.25,36.5,121.1666666666667,1.6,8.361007108226909,11.002251805340993,4277,60009.11854103344,25665.9,0.7121814355856909,0.3705422369759096,34238,1364.0,3046,9510.3,12,是
28,重庆,2019,西部,1,33.7,25.5,69.5,38.5,60.08333333333334,7.5,40.25,122.0833333333333,1.075,8.067149039910106,11.215982744314855,3188,74308.6574654956,23689.6,0.6822459222082811,0.382437863028502,21057,846.0,2175,9059.8,12,是
29,陕西,2019,西部,1,33.7,25.5,69.5,57.41666666666666,96.91666666666669,8.583333333333334,47.58333333333334,124.9166666666667,1.275,8.279950715722526,11.104457628028616,3944,66466.78498985802,26214.5,0.6128296146044625,0.4421293558908238,35404,1208.0,2417,11590.2,12,是
30,青海,2019,西部,1,33.7,25.5,69.5,34.58333333333334,61.16666666666666,16.58333333333333,37.25,108.9166666666667,1.783333333333333,6.380122536899765,10.843296168418107,590,51189.83050847457,3020.2,0.588135593220339,0.3880537712734256,6513,220.0,347,1172.0,12,是
31,黑龙江,2019,中部,1,20.8,15.6,37.1,41.75,67.0,16.58333333333333,32.5,98.0,1.1,8.08794755464267,10.666523260710969,3255,42895.54531490016,13962.5,0.6460829493087558,0.2627036705461057,20375,1144.0,2103,3668.0,12,是
1,上海,2020,东部,1,16.9,13.1,42.5,31.66666666666667,41.16666666666666,6.333333333333333,37.0,139.0,0.9666666666666668,7.81923445385907,12.02705510997221,2488,167218.2475884244,41603.9,0.8930868167202572,0.2489357968844267,5897,398.0,2222,10356.7,12,是
2,云南,2020,西部,1,32.0,25.4,67.3,23.58333333333333,42.16666666666666,9.083333333333334,25.33333333333333,109.75,0.8583333333333334,8.459987717645458,10.885527159178356,4722,53397.92460821685,25214.5,0.5004235493434985,0.3342441848936128,26626,1445.0,2363,8427.8,12,是
3,内蒙古,2020,西部,1,32.0,25.4,67.3,39.83333333333334,70.33333333333333,12.5,32.41666666666666,115.8333333333333,1.042857142857143,7.784473235736469,11.202849979657573,2403,73339.1593841032,17623.4,0.6749895963379109,0.3852661801922443,24549,777.0,1622,6789.7,12,是
4,北京,2020,东部,1,16.9,13.1,42.5,38.16666666666666,57.0,3.75,29.25,128.0833333333333,1.216666666666667,7.691200097522863,12.077647296851243,2189,175895.8428506167,38503.6,0.8752855185015989,0.153227230700506,10599,651.0,1916,5899.8,12,是
5,吉林,2020,中部,1,20.1,15.5,35.5,42.08333333333334,59.58333333333334,9.916666666666666,31.83333333333333,114.0,1.041666666666667,7.782807262839695,10.86097703162686,2399,52102.95956648604,12499.5,0.6265110462692789,0.3469978799151966,25616,812.0,1503,4337.3,12,是
6,四川,2020,西部,1,32.0,25.4,67.3,40.83333333333334,63.91666666666666,6.083333333333333,36.83333333333334,131.75,0.9666666666666668,9.032528630660057,10.986429983467358,8371,59067.13654282643,49445.1,0.5673157328873492,0.3558451696932557,82793,2435.0,4749,17594.8,12,是
7,天津,2020,东部,1,16.9,13.1,42.5,48.16666666666666,67.66666666666667,8.416666666666666,39.16666666666666,138.5,1.441666666666667,7.234898420314831,11.5386058604201,1387,102601.2977649603,14230.8,0.8471521268925739,0.3490035697220115,5838,424.0,1175,4966.6,12,是
8,宁夏,2020,西部,1,32.0,25.4,67.3,35.25,71.75,13.41666666666667,35.5,123.75,1.283333333333333,6.580639137284949,10.932760168950848,721,55980.58252427184,4036.2,0.6490984743411928,0.3976017045736088,4574,218.0,468,1604.8,12,是
9,安徽,2020,中部,1,20.1,15.5,35.5,35.91666666666666,56.25,6.666666666666667,38.58333333333334,122.6666666666667,0.9,8.716863386544805,11.055230376669268,6105,63274.03767403767,38628.8,0.5832923832923833,0.3957332353062999,29391,1388.0,3561,15286.7,12,是
10,山东,2020,东部,1,16.9,13.1,42.5,49.75,88.33333333333333,13.0,35.75,153.9166666666667,1.275,9.226705726062447,11.200252949058484,10165,73148.9424495819,74355.9,0.6304968027545499,0.3901237158046638,84872,2640.0,6409,29008.0,12,是
11,山西,2020,中部,1,20.1,15.5,35.5,53.83333333333334,95.33333333333331,17.33333333333333,45.5,140.3333333333333,1.366666666666667,8.157657015196472,10.86200857048993,3490,52156.7335243553,18202.7,0.625214899713467,0.4087415603179748,41140,1420.0,2182,7440.2,12,是
12,广东,2020,东部,1,16.9,13.1,42.5,23.16666666666667,43.08333333333334,6.916666666666667,36.5,150.75,0.9333333333333332,9.443355043085656,11.408382281731082,12624,90073.58998732573,113708.9,0.7415240811153359,0.3848106876418645,55900,1700.0,9361,43756.4,12,是
13,广西,2020,西部,1,32.0,25.4,67.3,26.41666666666667,45.75,8.166666666666666,24.0,114.5,0.9416666666666668,8.520985989654934,10.699483130094915,5019,44332.9348475792,22250.7,0.541940625622634,0.3176349508105363,33875,733.0,2720,7067.6,12,是
14,新疆,2020,西部,1,32.0,25.4,67.3,46.33333333333334,75.66666666666667,8.666666666666666,36.16666666666666,98.16666666666669,1.4,7.859413154693583,10.916295177051165,2590,55066.40926640927,14262.2,0.5652509652509653,0.3364487947161027,18158,917.0,1464,4798.5,12,是
15,江苏,2020,东部,1,16.9,13.1,42.5,31.25,55.58333333333334,6.916666666666667,35.66666666666666,142.9166666666667,1.025,9.045111892608405,11.722807947326434,8477,123353.3089536393,104566.6,0.7344579450277221,0.4340908091111311,35747,1996.0,6226,45391.4,12,是
16,江西,2020,中部,1,20.1,15.5,35.5,33.0,57.91666666666666,8.75,29.08333333333333,130.8333333333333,0.8250000000000001,8.41604600941128,10.953408145300168,4519,57148.48417791547,25825.4,0.6043372427528214,0.411676101822237,36716,858.0,2731,10631.7,12,是
17,河北,2020,东部,1,16.9,13.1,42.5,58.33333333333334,102.5833333333333,12.33333333333333,41.0,136.5,1.516666666666667,8.91784674252718,10.806330822135225,7464,49332.12754555199,36821.5,0.6007502679528403,0.3785288486346292,86939,2244.0,4484,13938.0,12,是
18,河南,2020,中部,1,20.1,15.5,35.5,50.75,84.0,8.583333333333334,38.5,148.5,1.158333333333333,9.204422898212146,10.90562645957539,9941,54482.04405995373,54160.6,0.5542701941454582,0.3954276725147062,74644,2205.0,5510,21416.6,12,是
19,浙江,2020,东部,1,16.9,13.1,42.5,29.75,55.0,5.583333333333333,38.16666666666666,137.25,0.925,8.774622220696997,11.550618264395132,6468,103841.218305504,67164.5,0.7217068645640075,0.3966113050793202,34400,1429.0,4668,26638.2,12,是
20,海南,2020,东部,1,16.9,13.1,42.5,14.33333333333333,28.91666666666667,4.0,10.75,104.25,0.7166666666666667,6.919683849847411,10.928437700533603,1012,55739.13043478261,5640.8,0.6027667984189723,0.1905048929229896,6127,280.0,610,1074.6,12,是
21,湖北,2020,中部,1,20.1,15.5,35.5,37.41666666666666,57.41666666666666,8.083333333333334,36.0,133.25,1.133333333333333,8.656085190282855,11.22361979495326,5745,74878.32898172324,43017.6,0.6288946910356832,0.3803001562151306,35447,1048.0,3613,16359.6,12,是
22,湖南,2020,中部,1,20.1,15.5,35.5,41.25,47.58333333333334,6.583333333333333,27.08333333333333,133.0833333333333,1.016666666666667,8.801619971147346,11.046825718065437,6645,62744.46952595936,41693.7,0.5876598946576373,0.3736128000153501,56042,1649.0,3905,15577.3,12,是
23,甘肃,2020,西部,1,32.0,25.4,67.3,34.58333333333334,77.08333333333333,15.16666666666667,47.08333333333334,123.3333333333333,1.5,7.824445930877619,10.52614491149884,2501,37277.48900439824,9323.1,0.5221911235505797,0.3101865259409424,26204,705.0,1306,2891.9,12,是
24,福建,2020,东部,1,16.9,13.1,42.5,20.5,38.16666666666666,4.666666666666667,20.58333333333333,122.0,0.8416666666666667,8.333510708982942,11.561521059909598,4161,104979.5722182168,43682.0,0.6875751021389089,0.446630190925324,28105,695.0,2861,19509.7,12,是
25,西藏,2020,西部,1,32.0,25.4,67.3,11.5,28.83333333333333,6.583333333333333,19.0,110.5,0.6916666666666668,5.902633333401366,10.886619480225283,366,53456.28415300546,1956.5,0.3579234972677596,0.3618706874520828,6939,172.0,131,708.0,12,是
26,贵州,2020,西部,1,32.0,25.4,67.3,23.25,41.33333333333334,9.833333333333334,18.0,102.1666666666667,0.8083333333333332,8.257904193465674,10.76754596642901,3858,47455.41731467081,18308.3,0.5316226023846553,0.3212258920817335,28880,1378.0,2051,5881.1,12,是
27,辽宁,2020,东部,1,16.9,13.1,42.5,41.91666666666666,73.75,18.25,35.08333333333334,126.6666666666667,1.475,8.355850041007475,11.014130588425992,4255,60726.2044653349,25839.0,0.7215041128084606,0.3597004528039011,34131,1359.0,3070,9294.3,12,是
28,重庆,2020,西部,1,32.0,25.4,67.3,32.75,53.0,7.666666666666667,38.58333333333334,116.8333333333333,1.025,8.073714641109857,11.26956092213601,3209,78398.5665316298,25158.1,0.69460891243378,0.3834152817581614,20922,859.0,2229,9646.0,12,是
29,陕西,2020,西部,1,32.0,25.4,67.3,50.58333333333334,88.33333333333333,8.333333333333334,41.41666666666666,127.9166666666667,1.083333333333333,8.282735880201754,11.10481463499292,3955,66490.5183312263,26297.0,0.6265486725663717,0.4076928927254059,34983,1218.0,2478,10721.1,12,是
30,青海,2020,西部,1,32.0,25.4,67.3,35.25,61.33333333333334,15.33333333333333,36.5,110.1666666666667,1.691666666666667,6.385194398997726,10.858025635168815,593,51949.40978077571,3080.6,0.6003372681281619,0.3757384925014607,6407,215.0,356,1157.5,12,是
31,黑龙江,2020,中部,1,20.1,15.5,35.5,46.91666666666666,64.08333333333333,17.66666666666667,31.83333333333333,106.5833333333333,1.05,8.061802274538348,10.695357848866864,3171,44150.42573320719,14000.1,0.6559444970040996,0.2467625231248348,20461,1126.0,2080,3454.7,12,是
1,上海,2021,东部,1,16.1,12.3,40.8,27.5,43.33333333333334,5.583333333333333,35.08333333333334,129.25,0.8833333333333333,7.819636302367592,12.149869982127408,2489,189069.5058256328,47059.4,0.8931297709923665,0.2427867758619957,6308,426.0,2223,11425.4,12,是
2,云南,2021,西部,1,30.4,25.4,65.2,24.0,40.5,8.916666666666666,23.08333333333333,113.75,0.75,8.453187861440325,10.99336600537318,4690,59478.25159914712,27895.3,0.5104477611940299,0.3418210236132969,26885,1405.0,2394,9535.2,12,是
3,内蒙古,2021,西部,1,30.4,25.4,65.2,28.75,62.66666666666666,11.08333333333333,28.33333333333333,117.5,0.9666666666666666,7.783224016336037,11.406860997893029,2400,89936.66666666667,21584.8,0.6820833333333334,0.446911715651755,24948,806.0,1637,9646.5,12,是
4,北京,2021,东部,1,16.1,12.3,40.8,33.41666666666666,55.58333333333334,3.083333333333333,26.0,117.5833333333333,1.016666666666667,7.691200097522863,12.21902404560651,2189,202607.1265417999,44350.7,0.8752855185015989,0.1743422313514781,10699,644.0,1916,7732.2,12,是
5,吉林,2021,中部,1,19.3,15.3,34.0,31.66666666666667,55.41666666666666,9.25,31.33333333333333,100.5,0.9583333333333334,7.772752716468742,10.94291584785079,2375,56552.0,13431.1,0.6336842105263157,0.3509541288502058,25344,825.0,1505,4713.7,12,是
6,四川,2021,西部,1,30.4,25.4,65.2,40.16666666666666,61.16666666666666,5.666666666666667,35.25,127.3333333333333,0.9083333333333332,9.03264808356589,11.09516518034361,8372,65852.00668896321,55131.3,0.5782369804108934,0.3630696174405464,80249,2481.0,4841,20016.5,12,是
7,天津,2021,东部,1,16.1,12.3,40.8,39.58333333333334,70.16666666666667,8.5,37.16666666666666,126.25,1.241666666666667,7.224753405767971,11.671739067713107,1373,117211.9446467589,16093.2,0.8485069191551348,0.3591889742251386,6076,432.0,1165,5780.5,12,是
8,宁夏,2021,西部,1,30.4,25.4,65.2,27.66666666666667,66.75,13.75,30.41666666666667,120.5,1.233333333333333,6.586171654854675,11.07233332212731,725,64365.51724137931,4666.5,0.6606896551724138,0.4364298724954462,4571,213.0,479,2036.6,12,是
9,安徽,2021,中部,1,19.3,15.3,34.0,32.75,63.33333333333334,6.75,35.91666666666666,123.5,0.8916666666666666,8.718172930028725,11.163510681126365,6113,70510.06052674628,43102.8,0.5939800425323082,0.3926775058696882,29554,1338.0,3631,16925.5,12,是
10,山东,2021,东部,1,16.1,12.3,40.8,41.08333333333334,80.5,11.5,32.91666666666666,147.0833333333333,1.125,9.227197489042606,11.33164171754838,10170,83419.86234021632,84838.0,0.6394296951819076,0.4017539310214762,85715,2654.0,6503,34084.0,12,是
11,山西,2021,中部,1,19.3,15.3,34.0,45.0,85.58333333333333,13.83333333333333,38.58333333333334,142.9166666666667,1.266666666666667,8.15478757276852,11.102612417675132,3480,66344.25287356322,23087.8,0.6341954022988506,0.4717859648818857,41007,1427.0,2207,10892.5,12,是
12,广东,2021,东部,1,16.1,12.3,40.8,23.91666666666667,46.58333333333334,7.583333333333333,34.25,150.1666666666667,0.8916666666666666,9.448096635658239,11.518722254536423,12684,100581.362346263,127577.4,0.7462945443077893,0.3917402298526228,57964,1762.0,9466,49977.2,12,是
13,广西,2021,西部,1,30.4,25.4,65.2,27.66666666666667,47.16666666666666,8.166666666666666,24.75,121.8333333333333,0.925,8.52456594574565,10.824788543126198,5037,50251.14155251141,25311.5,0.5507246376811594,0.3367362661240937,34112,803.0,2774,8523.3,12,是
14,新疆,2021,西部,1,30.4,25.4,65.2,39.66666666666666,65.66666666666667,7.25,38.08333333333334,103.5,1.155555555555556,7.859026979751538,11.079941477197949,2589,64857.0876786404,16791.5,0.5724217844727694,0.374076169490516,16970,924.0,1482,6281.3,12,是
15,江苏,2021,东部,1,16.1,12.3,40.8,29.33333333333333,56.25,5.5,32.41666666666666,143.3333333333333,0.925,9.048409504829962,11.85595380669403,8505,140920.8700764256,119853.2,0.7394473838918283,0.4470118444897592,36448,2030.0,6289,53575.8,12,是
16,江西,2021,中部,1,19.3,15.3,34.0,30.83333333333333,61.0,8.25,27.41666666666667,124.6666666666667,0.9583333333333334,8.415603335654604,11.09828176710403,4517,66057.5603276511,29838.2,0.6145671906132388,0.4209134599272074,36764,939.0,2776,12559.3,12,是
17,河北,2021,东部,1,16.1,12.3,40.8,46.5,87.16666666666667,9.166666666666666,31.66666666666667,136.8333333333333,1.241666666666667,8.915700818956903,10.920964147729407,7448,55324.11385606875,41205.4,0.6114393125671321,0.3992389347027331,88162,2395.0,4554,16450.8,12,是
18,河南,2021,中部,1,19.3,15.3,34.0,42.66666666666666,77.5,8.333333333333334,31.66666666666667,139.6666666666667,1.091666666666667,9.198571388376184,10.976632408298212,9883,58491.24759688354,57806.9,0.5645047050490741,0.390455118679604,78536,2410.0,5579,22571.0,12,是
19,浙江,2021,东部,1,16.1,12.3,40.8,28.25,55.0,5.833333333333333,34.16666666666666,139.75,0.8583333333333334,8.785692444451245,11.673155921641305,6540,117378.1345565749,76765.3,0.726605504587156,0.4086572969818394,35120,1485.0,4752,31370.7,12,是
20,海南,2021,东部,1,16.1,12.3,40.8,14.5,28.0,3.833333333333333,10.41666666666667,104.8333333333333,0.625,6.927557906278317,11.063708215809173,1020,63812.74509803922,6508.9,0.6098039215686275,0.189448293874541,6277,269.0,622,1233.1,12,是
21,湖北,2021,中部,1,19.3,15.3,34.0,37.58333333333334,60.0,7.916666666666667,40.16666666666666,131.3333333333333,1.116666666666667,8.670772279344538,11.361210638226678,5830,85923.32761578045,50093.3,0.6408233276157804,0.3841092521355151,36529,1167.0,3736,19241.3,12,是
22,湖南,2021,中部,1,19.3,15.3,34.0,43.0,52.25,7.083333333333333,28.58333333333333,126.4166666666667,0.9916666666666668,8.798152718107191,11.143176253764954,6622,69090.75807913017,45751.9,0.5971005738447599,0.3786924696023553,55677,1716.0,3954,17325.9,12,是
23,甘肃,2021,西部,1,30.4,25.4,65.2,32.58333333333334,73.83333333333333,15.41666666666667,46.0,115.6666666666667,1.316666666666667,7.820037989458753,10.659666094943073,2490,42602.40963855421,10608.0,0.5333333333333333,0.3329185520361991,25759,699.0,1328,3531.6,12,是
24,福建,2021,东部,1,16.1,12.3,40.8,20.5,38.83333333333334,4.333333333333333,18.58333333333333,108.9166666666667,0.7833333333333333,8.339739766019143,11.68239913665105,4187,118468.115595892,49602.6,0.6969190351086697,0.4522847592666513,28693,711.0,2918,22434.5,12,是
25,西藏,2021,西部,1,30.4,25.4,65.2,9.666666666666666,24.08333333333333,6.166666666666667,15.83333333333333,108.6666666666667,0.6166666666666667,5.902633333401366,10.978648488896873,366,58609.28961748634,2145.1,0.366120218579235,0.348888163721971,6907,179.0,134,748.4,12,是
26,贵州,2021,西部,1,30.4,25.4,65.2,23.41666666666667,42.08333333333334,9.75,20.33333333333333,108.5,0.7583333333333333,8.256347772918016,10.853537389111523,3852,51716.77050882659,19921.3,0.5433541017653167,0.3188446537123582,29292,1449.0,2093,6351.8,12,是
27,辽宁,2021,东部,1,16.1,12.3,40.8,37.75,65.91666666666667,15.33333333333333,32.75,115.75,1.391666666666667,8.34972083747249,11.117260838851578,4229,67323.24426578387,28471.0,0.7280681012059589,0.3745881774437146,33051,1444.0,3079,10664.9,12,是
28,重庆,2021,西部,1,30.4,25.4,65.2,34.83333333333334,53.83333333333334,9.333333333333334,32.0,111.5833333333333,0.8666666666666667,8.074649075066652,11.378949212691587,3212,87461.08343711084,28092.5,0.7033001245330013,0.3801548455993592,21361,858.0,2259,10679.5,12,是
29,陕西,2021,西部,1,30.4,25.4,65.2,41.75,85.5,8.0,40.58333333333334,122.5833333333333,1.091666666666667,8.282483003730562,11.25257182326777,3954,77077.89580171977,30476.6,0.6363176530096105,0.4253525655749001,34971,1270.0,2516,12963.3,12,是
30,青海,2021,西部,1,30.4,25.4,65.2,32.0,59.08333333333334,18.08333333333333,36.25,112.8333333333333,1.65,6.386879319362645,10.968517523370055,594,58018.51851851852,3446.3,0.6094276094276094,0.4032440588457186,6408,222.0,362,1389.7,12,是
31,黑龙江,2021,中部,1,19.3,15.3,34.0,36.91666666666666,57.41666666666666,16.5,30.58333333333333,108.75,1.025,8.047189562170502,10.79828821818952,3125,48936.96,15292.8,0.65696,0.2669426135174723,20578,1187.0,2053,4082.3,12,是
1,上海,2022,东部,1,15.2,11.4,39.0,24.66666666666667,39.16666666666666,5.583333333333333,27.16666666666667,135.25,0.8583333333333334,7.813995675002791,12.187610331733634,2475,196341.4141414141,48594.5,0.8933333333333333,0.2343145829260513,6404,443.0,2211,11386.4,12,是
2,云南,2022,西部,1,28.7,25.3,63.0,20.16666666666667,33.08333333333334,8.333333333333334,20.0,114.0833333333333,0.6749999999999999,8.453827315794417,11.041893393144331,4693,62435.75538035372,29301.1,0.5171532069038994,0.3407994921692359,27528,1400.0,2427,9985.8,12,是
3,内蒙古,2022,西部,1,28.7,25.3,63.0,23.66666666666667,50.66666666666666,10.58333333333333,28.66666666666667,119.3333333333333,0.8555555555555556,7.783640596221253,11.503959946822388,2401,99107.45522698875,23795.7,0.6859641815910037,0.4587719630017187,25062,810.0,1647,10916.8,12,是
4,北京,2022,东部,1,15.2,11.4,39.0,29.66666666666667,54.58333333333334,2.833333333333333,22.75,136.8333333333333,0.8583333333333334,7.688913336864796,12.240774853396104,2184,207062.2710622711,45222.4,0.8759157509157509,0.1539148740447212,10897,662.0,1913,6960.4,12,是
5,吉林,2022,中部,1,18.6,15.2,32.4,28.91666666666667,48.08333333333334,8.666666666666666,26.0,107.1666666666667,0.8833333333333333,7.761319180947987,10.931020955150528,2348,55883.30494037479,13121.4,0.637137989778535,0.3257960278628805,25031,825.0,1496,4274.9,12,是
6,四川,2022,西部,1,28.7,25.3,63.0,38.83333333333334,58.08333333333334,4.416666666666667,29.83333333333333,141.25,0.7999999999999999,9.032886946579088,11.138894453210757,8374,68795.55767852878,57609.4,0.5834726534511584,0.3526160661280971,74041,2465.0,4886,20314.0,12,是
7,天津,2022,东部,1,15.2,11.4,39.0,36.66666666666666,65.58333333333333,8.583333333333334,31.58333333333333,135.5,1.05,7.217443431696533,11.709361903463174,1363,121705.7960381511,16588.5,0.851063829787234,0.3672845646080116,6282,435.0,1160,6092.7,12,是
8,宁夏,2022,西部,1,28.7,25.3,63.0,31.27272727272728,66.54545454545455,13.91666666666667,31.16666666666667,120.75,1.058333333333333,6.590301048196686,11.17029971889993,728,70990.38461538461,5168.1,0.6634615384615384,0.4486368297827054,4607,211.0,483,2318.6,12,是
9,安徽,2022,中部,1,18.6,15.2,32.4,32.33333333333334,63.66666666666666,7.833333333333333,30.58333333333333,132.0833333333333,0.7999999999999999,8.720460512725655,11.215898960439201,6127,74302.43185898483,45525.1,0.6015994777215603,0.3887306123435204,30176,1338.0,3686,17697.0,12,是
10,山东,2022,东部,1,15.2,11.4,39.0,36.83333333333334,72.08333333333333,11.0,30.75,147.3333333333333,1.016666666666667,9.226508953137767,11.386042059388894,10163,88083.63672144052,89519.4,0.6453803010921972,0.4025630198593824,86026,2666.0,6559,36037.2,12,是
11,山西,2022,中部,1,18.6,15.2,32.4,44.33333333333334,83.25,12.08333333333333,40.0,137.75,1.15,8.15507488781144,11.207689083317518,3481,73694.91525423729,25653.2,0.6394714162596955,0.4937824520917468,39661,1376.0,2226,12667.1,12,是
12,广东,2022,东部,1,15.2,11.4,39.0,21.5,38.66666666666666,6.25,28.75,154.5,0.8583333333333334,9.44596570079245,11.559068004125166,12657,104722.3670696058,132547.1,0.7478075373311212,0.387344574117427,59531,1813.0,9465,51341.4,12,是
13,广西,2022,西部,1,28.7,25.3,63.0,25.83333333333333,42.08333333333334,8.416666666666666,23.16666666666667,117.6666666666667,0.9166666666666666,8.526549286340263,10.865656308613703,5047,52347.33505052506,26419.7,0.5565682583713097,0.3356321229991256,34500,850.0,2809,8867.3,12,是
14,新疆,2022,西部,1,28.7,25.3,63.0,41.0,71.83333333333333,6.583333333333333,31.25,109.75,0.7000000000000001,7.8582541821860294,11.180338211640375,2587,71706.60997294163,18550.5,0.5790490916119057,0.3942050079512682,16999,929.0,1498,7312.7,12,是
15,江苏,2022,东部,1,15.2,11.4,39.0,28.16666666666667,51.41666666666666,5.0,27.16666666666667,145.5833333333333,0.7999999999999999,9.049584593096789,11.893332303508599,8515,146287.9624192601,124564.2,0.7442160892542572,0.4442961942516389,37001,2087.0,6337,55343.4,12,是
16,江西,2022,中部,1,18.6,15.2,32.4,30.08333333333333,55.66666666666666,8.083333333333334,24.41666666666667,132.8333333333333,0.9083333333333332,8.41803561988302,11.152207148115368,4528,69717.53533568904,31568.1,0.620803886925795,0.4065148045020131,35683,964.0,2811,12832.9,12,是
17,河北,2022,东部,1,15.2,11.4,39.0,45.83333333333334,82.83333333333333,8.083333333333334,32.66666666666666,143.9166666666667,1.091666666666667,8.911934336161426,10.971962457420803,7420,58218.73315363882,43198.3,0.616576819407008,0.3797996680424924,90194,2423.0,4575,16406.7,12,是
18,河南,2022,中部,1,18.6,15.2,32.4,45.41666666666666,78.0,7.833333333333333,27.33333333333333,147.5833333333333,1.016666666666667,9.197457746145169,10.994905602139378,9872,59569.89465153971,58807.4,0.5706037277147488,0.3761856501052588,81694,2470.0,5633,22122.5,12,是
19,浙江,2022,东部,1,15.2,11.4,39.0,29.75,51.75,6.25,31.83333333333333,143.75,0.8583333333333334,8.79133399330135,11.718367267111175,6577,122806.7507982363,80770.0,0.7337691956819219,0.4069988857248979,35967,1519.0,4826,32873.3,12,是
20,海南,2022,东部,1,15.2,11.4,39.0,13.33333333333333,26.33333333333333,4.0,8.833333333333334,114.1666666666667,0.6666666666666666,6.934397209928558,11.117073206574814,1027,67310.61343719572,6912.8,0.6144109055501461,0.1853662770512672,6384,270.0,631,1281.4,12,是
21,湖北,2022,中部,1,18.6,15.2,32.4,35.08333333333334,55.16666666666666,8.583333333333334,34.33333333333334,141.0833333333333,1.125,8.67317077287059,11.423585450115317,5844,91453.45653661876,53445.4,0.6466461327857632,0.3732500832625446,36782,1182.0,3779,19948.5,12,是
22,湖南,2022,中部,1,18.6,15.2,32.4,37.91666666666666,49.91666666666666,6.166666666666667,23.5,136.4166666666667,0.8333333333333334,8.795430805040018,11.192988388630218,6604,72619.4730466384,47957.9,0.6031193216232587,0.3653162461242048,55338,1739.0,3983,17519.8,12,是
23,甘肃,2022,西部,1,28.7,25.3,63.0,33.5,71.58333333333333,14.66666666666667,38.0,123.6666666666667,1.225,7.820840879907344,10.744251847765756,2492,46362.76083467095,11553.6,0.5421348314606742,0.3446112034344274,25266,704.0,1351,3981.5,12,是
24,福建,2022,东部,1,15.2,11.4,39.0,17.83333333333333,32.08333333333334,3.75,15.66666666666667,123.25,0.6166666666666667,8.339978571990427,11.731274350154555,4188,124402.1012416428,52099.6,0.7012893982808023,0.4312892997259096,29116,719.0,2937,22470.0,12,是
25,西藏,2022,西部,1,28.7,25.3,63.0,8.0,17.83333333333333,7.5,12.16666666666667,114.75,0.4416666666666666,5.8971538676367405,11.025361966290953,364,61412.08791208791,2235.4,0.3736263736263736,0.3445468372550774,6906,182.0,136,770.2,12,是
26,贵州,2022,西部,1,28.7,25.3,63.0,21.08333333333333,34.75,6.666666666666667,15.83333333333333,104.5833333333333,0.6583333333333333,8.257385655730436,10.88500542990619,3856,53370.07261410788,20579.5,0.5482365145228216,0.3090794236983406,29150,1456.0,2114,6360.7,12,是
27,辽宁,2022,东部,1,15.2,11.4,39.0,32.33333333333334,56.25,14.41666666666667,29.5,123.0833333333333,1.3,8.34212526333359,11.168453241181515,4197,70859.423397665,29739.7,0.7300452704312604,0.367323812950366,32679,1477.0,3064,10924.1,12,是
28,重庆,2022,西部,1,28.7,25.3,63.0,31.33333333333333,48.33333333333334,9.416666666666666,28.83333333333333,121.75,0.8333333333333334,8.074960359115858,11.402531032620853,3213,89548.08590102708,28771.8,0.7096171802054155,0.3641551797245914,22259,857.0,2280,10477.4,12,是
29,陕西,2022,西部,1,28.7,25.3,63.0,52.83333333333334,89.58333333333333,7.583333333333333,38.5,133.6666666666667,1.058333333333333,8.282988692742602,11.332692726087496,3956,83507.58341759353,33035.6,0.6400404448938322,0.4317978181113708,34779,1280.0,2532,14264.7,12,是
30,青海,2022,西部,1,28.7,25.3,63.0,30.33333333333333,58.16666666666666,17.33333333333333,27.66666666666667,115.8333333333333,1.308333333333333,6.38856140554563,11.031740226150294,595,61805.04201680672,3677.4,0.6151260504201681,0.4401751237287214,6376,212.0,366,1618.7,12,是
31,黑龙江,2022,中部,1,18.6,15.2,32.4,37.16666666666666,57.0,14.08333333333333,26.75,100.25,1.016666666666667,8.038834757787749,10.87405132339404,3099,52788.64149725718,16359.2,0.6621490803484995,0.2781003961073891,20599,1212.0,2052,4549.5,12,是
